finalRank,name,totalScore
1,The Legend of Zelda: Ocarina of Time,79.23751836674535
2,Tetris,74.03586601583123
3,Super Mario 64,62.07530105958778
4,Half-Life 2,56.00874166642558
5,Final Fantasy VII,55.52858200574836
6,The Legend of Zelda: A Link to the Past,55.406737649293525
7,Chrono Trigger,55.28305270103202
8,GoldenEye 007,51.98388780771265
9,Super Mario World,51.676757802206644
10,Resident Evil 4,49.58074417230148
11,Super Mario Bros. 3,48.56283763731715
12,Metal Gear Solid,45.89328028821119
13,World of Warcraft,45.427134126787536
14,Street Fighter II,44.0636350461828
15,Super Metroid,42.92652641682636
16,BioShock,42.33816924027932
17,Shadow of the Colossus,42.27846967547463
18,Mass Effect 2,39.26866863306937
19,Super Mario Bros.,39.095265399467976
20,Doom,37.66085641697484
21,Portal,37.569940765813534
22,Call of Duty 4: Modern Warfare,37.29584848483289
23,Final Fantasy VI,36.65402084900522
24,Red Dead Redemption,36.49642743877247
25,The Last of Us,36.07597679784121
26,Castlevania: Symphony of the Night,35.73031157148905
27,Halo: Combat Evolved,35.47507510863763
28,Minecraft,34.845026681965145
29,Portal 2,34.51109969662936
30,Metroid Prime,33.3606920325177
31,Super Mario Kart,33.24295414159301
32,Uncharted 2: Among Thieves,32.15729353508526
33,The Legend of Zelda: Breath of the Wild,31.018072663770337
34,Grand Theft Auto V,31.0031506682511
35,StarCraft,30.800819966591526
36,The Elder Scrolls V: Skyrim,30.546795971141275
37,Pokemon Red and Blue,29.797842142884583
38,Grand Theft Auto: San Andreas,29.596090702110665
39,Silent Hill 2,29.485504049524188
40,Star Wars: Knights of the Old Republic,29.200566806894106
41,Dark Souls,28.975831968656667
42,Grand Theft Auto III,28.277751893836253
43,Grim Fandango,28.15968797113522
44,Metal Gear Solid 3: Snake Eater,27.72425614933283
45,Diablo II,26.78596654449989
46,The Legend of Zelda: Majora's Mask,26.737770021147842
47,Deus Ex,26.17844834035857
48,Ms. Pac-Man,26.140398001168272
49,Journey,25.838202919712465
50,Counter-Strike,25.733440689222725
51,Ico,25.511173505316673
52,Okami,24.97560677922905
53,The Legend of Zelda: The Wind Waker,24.81524999106735
54,God of War,24.055971886674403
55,Fallout 3,23.755068813126318
56,Super Mario Galaxy,23.749543199874136
57,The Sims,23.40193378450772
58,Super Mario World 2: Yoshi's Island,23.049154933234796
59,Batman: Arkham City,23.035901413531175
60,Half-Life,22.481858313902233
61,Braid,22.053696126460178
62,The Witcher 3: Wild Hunt,21.838521681073864
63,Super Mario Galaxy 2,21.512154024717056
64,EarthBound,21.276729295081715
65,Super Smash Bros. Melee,21.201602550133032
66,Grand Theft Auto IV,20.630660243016315
67,Grand Theft Auto: Vice City,20.614890268710845
68,Tomb Raider,20.448339707880187
69,Mega Man 2,20.438088648733608
70,Donkey Kong,20.301200728900422
71,Final Fantasy X,20.239543199959748
72,SoulCalibur,20.052788461892483
73,Final Fantasy Tactics,19.721864496139915
74,Halo 2,19.50563302345038
75,The Legend of Zelda,19.262357970297124
76,Halo 3,19.204142056187276
77,Sonic the Hedgehog 2,19.1662242001357
78,Sonic the Hedgehog,18.996332048755583
79,Batman: Arkham Asylum,18.79411721967144
80,Mass Effect,18.73656312562889
81,Prince of Persia: Sands of Time,18.632480103183152
82,Resident Evil,18.286965369851956
83,Tony Hawk's Pro Skater 2,17.770546169383547
84,Pong,17.609219894038176
85,Metal Gear Solid 2: Sons of Liberty,17.515562085749224
86,Team Fortress 2,17.509400999644214
87,Super Mario Odyssey,17.37794248811722
88,The Secret of Monkey Island,17.20418651166566
89,Guitar Hero,17.079955452468965
90,The Elder Scrolls IV: Oblivion,16.81372346553436
91,Wii Sports,16.799554219082125
92,Contra,16.775860620677545
93,Gran Turismo 3: A-Spec,16.45604115401808
94,Space Invaders,16.308354085894944
95,League of Legends,16.298174600405126
96,Galaga,16.17368990706253
97,SimCity 2000,16.14385914324811
98,Star Fox 64,16.116006030031286
99,Overwatch,16.08691640069426
100,Katamari Damacy,15.945580980536787
101,Day of the Tentacle,15.74594014000175
102,Myst,15.675311540206096
103,The Walking Dead,15.632765126595837
104,Donkey Kong Country,15.540232301556909
105,Secret of Mana,15.379788373807687
106,Tekken 3,15.054410274144074
107,StarCraft II: Wings of Liberty,15.034559873863373
108,Pac-Man,14.955418315344783
109,Rock Band 3,14.633385787870226
110,Baldur's Gate II: Shadows of Amn,14.627894385955951
111,NBA Jam,14.53302582969293
112,Persona 5,14.458387709240316
113,Fallout 2,14.446804178169199
114,Shenmue,14.228300434981794
115,Sid Meier's Civilization IV,14.1782767872659
116,Max Payne,14.030587722148905
117,Super Mario RPG: Legend of the Seven Stars,13.982837588590382
118,Dishonored,13.727255866761979
119,Dota 2,13.638423314923088
120,Oregon Trail,13.593723601521056
121,Left 4 Dead 2,13.573655975124872
122,Spelunky,13.562481759448032
123,Bloodborne,13.33100936320474
124,Dragon Quest VIII: Journey of the Cursed King,13.330875655035648
125,Assassin's Creed II,13.137032683473608
126,SimCity,13.093918051300188
127,Gears of War,13.073041066616709
128,Inside,13.026478138070228
129,Limbo,13.00405334331674
130,Street Fighter IV,12.911854170148834
131,Mortal Kombat,12.793447193371087
132,Quake III Arena,12.791420648711377
133,Planescape Torment,12.650971747161494
134,Mike Tyson's Punch Out,12.637845299838466
135,Horizon: Zero Dawn,12.55319403714565
136,Persona 4,12.511895339678869
137,Sid Meier's Civilization,12.410085998807885
138,Super Smash Bros. Brawl,12.404953547596422
139,Psychonauts,12.36651493037297
140,Metal Gear Solid 4: Guns of the Patriots,12.339475268154079
141,System Shock 2,12.320195142423696
142,Double Dragon,12.206715057956771
143,Gauntlet,12.076562620675587
144,Advance Wars,12.029766652657786
145,Burnout 3: Takedown,11.8675909649504
146,Battlefield 1942,11.654739760536852
147,Pitfall!,11.498331713261017
148,The Legend of Zelda: Twilight Princess,11.424180590155391
149,Warcraft III: Reign of Chaos,11.312321080522302
150,Tony Hawk's Pro Skater 3,11.210741109637164
151,Left 4 Dead,11.160371213642039
152,Asteroids,11.156630317450748
153,Splinter Cell: Chaos Theory,11.072965489536928
154,Star Wars: TIE Fighter,10.984848836832068
155,NHL '94,10.962094439189537
156,Kingdom Hearts,10.870244472814612
157,Super Meat Boy,10.80797687171173
158,Dead Space,10.783022877090048
159,Demon's Souls,10.761088638238519
160,Tony Hawk's Pro Skater,10.704476227359185
161,Bayonetta,10.621771699814513
162,Nier: Automata,10.382771672771673
163,Quake,10.38119324446374
164,Zork,10.336166608889444
165,Dragon Age: Origins,10.296525610412251
166,Monkey Island 2: LeChuck's Revenge,10.159998244530145
167,Little Big Planet,10.140716520493307
168,Banjo-Kazooie,10.090822588928642
169,Unreal Tournament,10.08294028161584
170,What Remains of Edith Finch,10.060392453252716
171,Ninja Gaiden,10.047498749950105
172,Suikoden II,9.964725611409333
173,"Warioware, Inc: Mega Microgames!",9.947402934379905
174,Resident Evil 2,9.87927626382985
175,Red Dead Redemption 2,9.844832735961768
176,Paper Mario,9.730832219869407
177,Mass Effect 3,9.664722858840506
178,Hades,9.625
179,The Last of Us Part II,9.602950558213717
180,Destiny,9.593535336917576
181,God of War (2018),9.579242223205071
182,Fable II,9.537453385176448
183,The Witness,9.505047644684755
184,The Elder Scrolls III: Morrowind,9.500612190131557
185,Pac-Man: Championship Edition,9.461190816181645
186,Mario Kart 64,9.458313359707432
187,The Legend of Zelda: Link's Awakening,9.375035474491382
188,Rock Band,9.272078236685795
189,X-COM: UFO Defense,9.26147359318962
190,Animal Crossing: New Horizons,9.251025641025642
191,Phantasy Star IV: The End of the Millennium,9.246712447200872
192,Final Fantasy XII,9.162354983713529
193,Diablo,9.156617521533535
194,Wolfenstein 3D,9.122697581801102
195,Thief II: The Metal Age,9.010906968375668
196,Divinity: Original Sin II,9.004762971019128
197,Angry Birds,8.995712074486432
198,Titanfall 2,8.859096304391668
199,Pokemon Yellow,8.783256207394139
200,Civilization II,8.773837049442248
201,Yakuza 0,8.767113393322184
202,God of War II,8.741570783688392
203,ESPN NFL 2K5,8.70020998977827
204,Mega Man 3,8.685902597072458
205,Mortal Kombat II,8.678637393766698
206,Undertale,8.649435725564757
207,Doom 2,8.642670090332631
208,Gears of War 2,8.629221836505291
209,Jet Set Radio,8.561823911288583
210,Sid Meier's Civilization V,8.532682687892558
211,Super Smash Bros.,8.483562595051957
212,Ghost of Tsushima,8.44068612391193
213,Gran Turismo,8.434927048578365
214,Spider-Man: Miles Morales,8.288333333333334
215,Call of Duty 2,8.258217753375845
216,PlayerUnknown's Battlegrounds,8.256333333333334
217,Tecmo Super Bowl,8.171942693823437
218,The Sims 3,8.10572163140556
219,Mother 3,8.068878888599729
220,Ikaruga,8.044488953955907
221,Streets of Rage 2,8.042718873825196
222,Stardew Valley,8.024857219989565
223,Dance Dance Revolution,8.013758040284223
224,Burnout Paradise,7.9865272596204795
225,Elite,7.955694717059012
226,Fire Emblem: Awakening,7.85642024271223
227,Castlevania,7.836593091627417
228,Beyond Good and Evil,7.798262636281688
229,Final Fantasy IV,7.751937365062174
230,Rez,7.721804318928971
231,Age of Empires II: The Age of Kings,7.62936867320828
232,Lemmings,7.615815631309362
233,Xenoblade Chronicles,7.562280117543274
234,Fallout,7.5200996248715555
235,Super Smash Bros. Ultimate,7.478513513513514
236,Warcraft II,7.456725690546561
237,Star Wars: X-Wing,7.439613779489219
238,Madden NFL 2005,7.398114458755686
,Persona 4 Golden,7.3593676661685175
239,Final Fantasy VII (2020),7.351587301587302
240,Hearthstone,7.342056430578693
241,Resident Evil 7,7.317344877344877
242,Command and Conquer: Red Alert,7.311786181857832
243,Call of Duty,7.310969769971895
244,Hellblade: Senua's Sacrifice,7.255304373522459
245,Metroid,7.159434576610065
246,XCOM: Enemy Unknown,7.156236977549641
247,Marvel vs. Capcom 2: New Age of Heroes,7.1505351525683745
248,Kingdom Hearts II,7.138025554692222
249,Kentucky Route Zero,7.1335221380135625
250,Gone Home,7.099149090157155
251,Uncharted 4: A Thief's End,7.093045055012601
252,Geometry Wars Retro Evolved 2,7.080741426521888
253,BioShock Infinite,6.962311696240267
254,Animal Crossing,6.9621651907176005
255,Worms Armageddon,6.951115843676646
256,Viewtiful Joe,6.940993666690401
257,Final Fantasy VIII,6.924859062076912
258,Panzer Dragoon Saga,6.868936326429914
259,Tetris Attack,6.834257880029878
260,Timesplitters 2,6.826059573780508
261,Tomb Raider (2013),6.806125496015567
262,Max Payne 2: The Fall of Max Payne,6.783047709993924
263,Devil May Cry 3: Dante's Awakening,6.733773620060052
264,Saints Row: The Third,6.6548421967880635
265,Animal Crossing: New Leaf,6.643779887041701
266,Homeworld,6.627398964323824
267,Peggle,6.553575576531056
268,Half-Life: Alyx,6.528928571428572
269,Wipeout,6.505255727184952
270,Alone in the Dark,6.44634878265549
271,Cuphead,6.4271040974529345
272,Ori and the Will of the Wisps,6.384358974358975
273,Hotline Miami,6.353869549218867
274,Rock Band 2,6.349782144031845
275,To the Moon,6.3398579357707
276,Robotron: 2084,6.3356635995464
277,Super Mario Bros. 2,6.3196101656379575
278,Arkanoid,6.318162899975839
279,Ultima Online,6.286889412436638
280,Counter-Strike: Global Offensive,6.285670762928827
281,Final Fantasy IX,6.242894257563151
282,Paper Mario: The Thousand Year Door,6.227362578683556
283,The Sims 2,6.199329326976592
284,Shenmue II,6.160197373817787
285,Assassin's Creed IV: Black Flag,6.159753389970154
286,F-Zero GX,6.152345679012345
287,Gravity Rush,6.060434173669467
288,Star Wars Jedi Knight II: Jedi Outcast,6.049728764187719
289,Gran Turismo 4,6.028230893840771
290,Mario Kart 8,5.995799506243175
291,Conker's Bad Fur Day,5.944364856821064
292,The Chronicles of Riddick: Escape From Butcher Bay,5.940477888069928
293,Chrono Cross,5.924250917621704
294,Sid Meier's Pirates!,5.886888959090005
295,Ultimate Marvel vs. Capcom 3,5.877519138112358
296,Perfect Dark,5.865544731336456
297,The Witcher 2: Assassins of Kings,5.850957557640553
298,Skies of Arcadia,5.81953426801649
299,Bejeweled,5.79164673046252
300,Heavy Rain,5.754472220717714
301,Madden NFL 2004,5.754011729745274
302,Age of Empires,5.736553349242699
303,Dragon Age: Inquisition,5.720546870969406
304,Prince of Persia,5.641851285968933
305,Resident Evil 2 (2019),5.635072951739618
306,Sam and Max Hit the Road,5.6183005601739024
307,Command and Conquer,5.616600154231734
308,Neverwinter Nights,5.55041094171529
309,Fortnite,5.545523777692895
310,Unreal Tournament 2004,5.532304499060964
311,Star Wars (1983),5.531747314635603
312,Assassin's Creed,5.527732751262162
,Demon's Souls (2020),5.505492514731645
313,Dragon Warrior,5.498136749860888
314,Wolfenstein 2: The New Colossus,5.4835714285714285
315,Yakuza: Like a Dragon,5.481093073593074
316,Doom Eternal,5.468837616284425
317,Mario + Rabbids: Kingdom Battle,5.467936318067897
318,Dune II: The Building of a Dynasty,5.443993036942732
319,Mega Man X,5.441848728874765
320,Devil May Cry,5.415522306904558
321,Pyre,5.337858679362138
322,Phoenix Wright: Ace Attorney,5.332544101508848
323,The Binding of Isaac,5.332157176868478
324,Warlords,5.31981490015361
325,Adventure,5.319096159878047
326,Super Bomberman,5.310468540829987
327,Company of Heroes,5.309838115848346
328,Shovel Knight,5.277772551867163
329,Elite Beat Agents,5.240936472508221
330,Splatoon,5.233337682672234
331,Pole Position,5.232226603763759
332,Cart Life,5.228727714021085
333,Missle Command,5.225233186149314
334,Out of This World,5.188314124899491
335,Her Story,5.180234597887269
336,Wizardry: Proving Grounds of the Mad Overlord,5.142423297872009
337,Cave Story,5.140454399179716
338,Fallout: New Vegas,5.137693510751294
339,Harvest Moon,5.130640714004356
340,Crash Bandicoot,5.127260270254776
341,Far Cry 3,5.1270645974994515
342,Pokemon Go,5.12398406374502
343,Mario Kart 7,5.117273327770825
344,Duke Nukem 3D,5.116399217707357
345,Deus Ex: Human Revolution,5.097947214076246
346,Breakout,4.948333777067803
347,Vagrant Story,4.932473486924904
348,The Stanley Parable,4.925474301732484
349,Silent Hill,4.921626663068576
350,Outer Wilds,4.877027027027027
351,Star Wars Jedi Knight: Dark Forces II,4.8315619405657
352,Battlefield: Bad Company 2,4.793523191540495
353,Hitman: Blood Money,4.735819118298626
354,Contra III: Alien Wars,4.731938244269399
355,FIFA 12,4.726205719163466
356,WWF No Mercy,4.724289063582603
357,Guitar Hero II,4.72351169148553
358,Ridge Racer,4.707461873638344
359,Killer7,4.652101425676654
360,Donkey Kong (Game Boy),4.649501187439059
361,NBA 2K11,4.6345517025929395
362,Nidhogg,4.6335667524450015
363,The World Ends With You,4.626676258416002
364,Pokemon Gold and Silver,4.626263297872341
365,EverQuest,4.610551948051948
366,Fall Guys,4.575326797385621
367,Baseball Stars,4.5543147775542145
368,Astro's Playroom,4.55375
369,Assassin's Creed: Valhalla,4.55004329004329
370,Night in the Woods,4.549033597831552
371,Resident Evil (2002),4.5468421932099705
372,SoulCalibur II,4.533650793650794
373,Borderlands 2,4.522921522921523
374,Monster Hunter: World,4.515608091234496
375,A Mind Forever Voyaging,4.504524886877828
376,Lumines,4.426562286237725
377,Castle Crashers,4.417110590927939
,Mario Kart 8 Deluxe,4.387324929971989
378,Pokemon X and Y,4.355686468114195
379,Sega Rally Championship,4.34253108003108
380,Eternal Darkness: Sanity's Requiem,4.330420359189322
381,Street Fighter III: Third Strike,4.32683013503909
382,Valkyria Chronicles,4.320004802841735
383,Geometry Wars Retro Evolved,4.314046553049111
384,Bully,4.313268415172664
385,Ultima VII: The Black Gate,4.310192110946767
386,Dark Souls II,4.309953656142273
387,Ultima IV: Quest of the Avatar,4.307894772154297
388,Marble Madness,4.307590583933544
389,Alpha Centauri,4.307118904050913
390,Bayonetta 2,4.286283185840708
391,Metal Gear Solid V: The Phantom Pain,4.257439271255061
392,Plants vs. Zombies,4.245682203379749
393,Planescape: Torment,4.242404422128259
394,Oddworld: Abe's Oddysee,4.234905252228087
395,Super Mario Maker,4.232515073212748
396,Firewatch,4.224614164904862
397,Monster Hunter 4,4.223496240601504
398,Fallout 4,4.17375415282392
399,Tecmo Bowl,4.136502864303616
400,God of War III,4.136291056841052
401,Fire Emblem Fates,4.132868534973799
402,Doom (2016),4.132525043664873
403,Forza 4,4.130463350068661
404,Valkyrie Profile,4.027646674718932
405,OutRun 2006: Coast to Coast,4.026379796428114
406,Super Monkey Ball,4.025327846756418
407,Mafia,4.015231654995998
408,Crazy Taxi,4.013863810767836
409,Rome: Total War,4.004325666609678
410,Star Wars: Battlefront II (2005),3.943399706605687
411,Power Stone 2,3.931500695393174
412,Golden Sun: The Lost Age,3.9011148272017837
413,Dark Souls III,3.9
414,Call of Duty: Modern Warfare 2,3.827487432183565
415,Wii Fit,3.81904596251685
416,Dungeon Master,3.8125586439766397
,Rez Infinite,3.778954570333881
417,Command and Conquer: Red Alert 2,3.754529582349248
418,Battlefield 2,3.734978497185872
419,Sonic CD,3.733032616031487
420,Thief: The Dark Project,3.728055967617668
421,Bubble Bobble,3.7162634922583573
422,Dr. Mario,3.7150235189422833
423,Tactics Ogre,3.714161979275522
424,Ratchet & Clank: Up Your Arsenal,3.7089989279013666
425,Crash Bandicoot: Warped,3.7086399838693413
426,Twisted Metal 2,3.7066939007511124
427,Lode Runner,3.706519376161919
428,Mario's Picross,3.705678199842037
429,Microsoft Flight Simulator (2020),3.6683333333333334
430,XCOM 2: War of the Chosen,3.6497229326513216
431,Destiny 2,3.6488690476190473
432,Lumines: Electronic Symphony,3.630612244897959
433,Uncharted: The Lost Legacy,3.628516548463357
434,Call of Duty: Warzone,3.6284168512366186
435,Spec Ops: The Line,3.6268707482993197
436,Three Fourths Home,3.626856524873828
437,Sonic Mania,3.626242888656682
438,Assassin's Creed: Origins,3.6260144927536233
439,Star Wars Squadrons,3.6250863902179695
,Tony Hawk's Pro Skater 1 + 2,3.62484593837535
440,The Talos Principle,3.6222961320522296
441,Nioh,3.621904761904762
442,Splatoon 2,3.619972640218878
443,Bomberman,3.6152026038424503
444,Eve Online,3.6140415681639086
445,Virtua Fighter 2,3.612409019682245
446,Gunstar Heroes,3.6115511882753264
447,Sensible Soccer,3.6090063966278274
448,Daytona USA,3.604804574159413
449,Tempest 2000,3.6046892189218926
450,Super Castlevania IV,3.6036813715385145
451,Borderlands,3.6027271537051586
452,Dead Space 2,3.5545053307348384
453,The Last Guardian,3.5487684729064037
454,Race Driver: Grid,3.525431535103529
455,Missile Command,3.5188779423042886
456,Super Mario Sunshine,3.5080603961963814
457,Hitman,3.507435627955859
458,Final Fantasy I,3.4622718052738337
459,Star Wars Knights of the Old Republic 2: The Sith Lords,3.452481389578164
460,Dota,3.4426303854875284
461,Spacewar!,3.437063953488372
462,Computer Space,3.4334576044355227
463,Tennis For Two,3.432883986928105
464,Tiger Woods PGA Tour 12,3.418112562189055
465,Medal of Honor,3.4139152435167617
466,Pokemon Black and White,3.39981684981685
467,Rise of the Tomb Raider,3.3737373737373737
468,Xenogears,3.338148255253518
469,The Jackbox Party Pack,3.3156601650412605
470,"Papers, Please",3.314345794392523
471,Diablo 3,3.314344715686998
472,Frogger,3.312935558354324
473,Defender,3.3105588044184535
474,Rocket League,3.309074858757062
475,Dragon's Dogma,3.3086634111050826
476,Combat,3.307609585205818
477,Fatal Frame 2: Crimson Butterfly,3.30751890325772
478,Dungeon Keeper,3.3066964285714286
479,Ori and the Blind Forest,3.306349458662287
480,Far Cry 2,3.255424875036754
481,FTL: Faster Than Light,3.250314465408805
482,Kerbal Space Program,3.2316948697287136
483,Super Mario 3D World,3.2275900900900902
484,Vanquish,3.224974463738509
485,Fez,3.2238022813688216
,Monster Hunter 4 Ultimate,3.223496240601504
486,FIFA 15,3.129100529100529
487,Teenage Mutant Ninja Turtles: Turtles in Time,3.1261373035566584
488,SSX 3,3.119088319088319
489,Resident Evil: Code Veronica,3.1152864722429943
490,Alien: Isolation,3.1133670033670033
,Ultra Street Fighter IV,3.087037037037037
491,Monster Hunter Freedom Unite,3.03695652173913
492,Towerfall Ascension,3.030330882352941
493,Guild Wars 2,3.0300438596491226
494,Pro Evolution Soccer 4,3.024131424131424
495,The Beatles: Rock Band,3.0230372037600954
496,Amplitude,3.0178711320015665
497,Rayman Legends,3.015904397873556
498,Quake II,3.009296684041582
499,Mario Kart Wii,3.007090868683502
500,Mario Kart DS,3.006136362566658
501,Speedball 2,3.005741022858494
502,Tekken 2,3.0056637658708465
503,Star Fox,3.0028666488297757
504,Assassin's Creed: Brotherhood,2.951794871794872
505,Battlefield 4,2.926519142957499
506,Spy Hunter,2.925641025641026
507,Blades of Steel,2.923574561403509
508,Snatcher,2.914841920374707
,Super Street Fighter II: Turbo,2.904761904761905
509,Crash Bandicoot 2: Cortex Strikes Back,2.9
510,Mirror's Edge,2.8501190476190477
511,Metal Gear,2.8409433962264155
512,Tetris Effect,2.814939024390244
513,Brain Age: Train Your Brain in Minutes a Day!,2.811627906976744
514,Prey (2017),2.7426190476190477
515,Among Us,2.74125
516,Blaseball,2.7377777777777776
517,XCOM: Enemy Within,2.7365079365079366
518,Everything,2.7338138138138137
519,Cyberpunk 2077,2.7333333333333334
520,Spiritfarer,2.73219696969697
521,Crusader Kings III,2.729
522,Arms,2.7258333333333336
523,Gorogoa,2.7248979591836737
524,13 Sentinels: Aegis Rim,2.7235164835164833
525,Spelunky 2,2.717840909090909
526,"King's Quest VI: Heir Today, Gone Tomorrow",2.716721089967346
527,Streets of Rage 4,2.715610859728507
528,Medieval II: Total War,2.708524277141298
529,Dig Dug,2.706805304400241
530,Shining Force II,2.7061392580287933
531,ActRaiser,2.7057911576497964
532,NHL 09,2.703883219456788
533,Infamous,2.7038354633070485
534,Battlefield 3,2.644792036971205
535,Battlezone,2.613265567063036
536,R-Type Final,2.612997623291741
537,Puzzle Bobble,2.6123778998778997
538,Super Mario Land 2: Six Golden Coins,2.610717391304348
539,Panzer Dragoon II Zwei,2.6094590368980612
540,Castlevania: Aria of Sorrow,2.6077804927339203
541,Phantasy Star Online,2.6072992700729927
542,Warioware: Twisted!,2.6059334105944276
543,Burnout Revenge,2.6056555320316788
544,Flashback,2.6052991452991456
545,Ninja Gaiden (2004),2.6048963631959587
546,Tenchu: Stealth Assassins,2.6045622895622897
547,Heroes of Might and Magic III,2.6045483367476345
548,Puzzle Quest,2.604165639803938
549,Thief: Deadly Shadows,2.603887836700337
550,Stunt Car Racer,2.603815902407452
551,Hot Shots Golf,2.603577715646681
552,International Karate +,2.603559665823192
553,Ant Attack,2.603539957028329
554,Samurai Shodown,2.6034881784881785
555,The Legend of Zelda: A Link Between Worlds,2.603344481605351
556,Nights Into Dreams,2.6032851309447054
557,BioShock 2,2.6032585869249774
558,Archon: The Light and the Dark,2.602916928886092
559,Advance Wars 2: Black Hole Rising,2.602792961484872
560,Gods Will Be Watching,2.6
561,Halo 4,2.5540935672514617
562,Gran Turismo 2,2.533333333333333
563,Bomberman Live,2.5250156347717323
,Virtua Fighter 5: Final Showdown,2.5239598278335724
564,Planet Puzzle League,2.521507863089732
565,Star Wars Rogue Squadron II: Rogue Leader,2.5212790039615167
566,Dishonored 2,2.5129850746268656
567,Forza Horizon 3,2.509076682316119
568,Final Fantasy XIV,2.507398081534772
569,Grandia II,2.422005772005772
570,Dragon Quest IX: Sentinels of the Starry Skies,2.410752688172043
571,Sid Meier's Civilization III,2.4
572,Tomb Raider II,2.4
573,Uncharted 3: Drake's Deception,2.3144927536231883
574,Championship Manager,2.3134849743802794
575,The Legend of Zelda: Skyward Sword,2.3108695652173914
576,Hitman 2: Silent Assassin,2.25327380952381
577,DJ Hero 2,2.2333333333333334
578,Shadowrun (SNES),2.2131666666666665
579,Ultima I,2.171855921855922
580,Grand Theft Auto,2.1534188034188033
581,SimCity 3000,2.152564102564103
582,Dreamfall: The Longest Journey,2.148160173160173
583,Ghosts'n Goblins,2.13517316017316
584,Magnavox Odyssey's Tennis,2.1333333333333333
585,Sanitarium,2.132217782217782
586,Super Punch Out,2.1253205128205126
587,Hot Shots Golf: Open Tee 2,2.1223526473526473
588,Ratchet & Clank: Going Commando,2.1214393449687567
589,Duck Tales,2.1202020202020204
590,Excitebike,2.1141233766233767
591,Outrun,2.1130015333503707
592,pedit5,2.05
593,Dragon Warrior III,2.034126984126984
594,Baldur's Gate,2.0325657894736846
595,Tom Clancy's Splinter Cell,2.022417153996101
596,Pro Evolution Soccer 6,2.0213560948855065
597,Syndicate,2.015796453273701
598,Sensible World of Soccer,2.0098824786324787
599,Final Fantasy III,2.0091182626896913
600,Super Mario Land,2.009114827201784
601,Pro Evolution Soccer 3,2.0077755240027044
602,Outrun 2,2.006875
603,Saturn Bomberman,2.005902777777778
604,Mega Bomberman,2.005582264957265
605,Animal Crossing: Wild World,2.0045897877223178
606,Worms,2.004393816893817
607,Singstar,2.004045915324985
608,Sega Rally,2.003846153846154
609,Half-Life 2: Episode One,2.003787878787879
610,Half-Life 2: Episode Two,2.003787878787879
611,Virtua Tennis,2.003197802197802
612,R-Type,2.0031308063916757
613,Advance Wards,2.00309934318555
614,Counter-Strike: Source,2.002939474047965
615,Road Rash II,2.0027933282650263
,NBA Jam: Tournament Edition,2.0024496763323576
616,Jade Empire,2.0022933779353442
617,MechWarrior 2,2.0022741147741145
618,California Games,2.001864565454829
619,Metroid Fusion,2.0017991472923846
620,Fable,2.0017925711687727
621,Splinter Cell: Pandora Tomorrow,2.001681909468795
622,Bionic Commando,2.001509455456824
623,Jak 3,2.0014712799686896
624,Far Cry,2.0013561541339318
625,Total Annihilation,2.001116071428571
626,Kid Icarus,2.001043326746138
627,Pokemon Diamond and Pearl,2.000784929356358
628,Donkey Kong Country 2,2.000769230769231
629,Maze War,2
630,Tony Hawk's Pro Skater 2 (Game Boy),2
631,Yo-kai Watch 2,2
632,Sekiro: Shadows Die Twice,1.9500000000000002
633,Catacomb 3-D,1.9428571428571428
634,Call of Duty: Black Ops 2,1.9333333333333333
635,Disco Elysium,1.93125
636,Return of the Obra Dinn,1.9188679245283018
,Street Fighter II: Turbo,1.9149253731343283
637,Superhot,1.911111111111111
638,Hitman 2 (2018),1.9103092783505153
639,Dragon Quest XI: Echoes of an Elusive Age,1.9029411764705881
640,The Outer Worlds,1.902857142857143
641,Factorio,1.9022727272727273
642,Umurangi Generation,1.8404761904761906
643,Duck Hunt,1.827027027027027
644,Hardspace: Shipbreaker,1.824
645,Dreams,1.8233333333333333
646,Tamagotchi,1.8227272727272728
647,Valorant,1.821978021978022
648,Double Fine Adventure,1.8192307692307692
649,Xenoblade Chronicles 2,1.8176923076923077
650,Karate Champ,1.817543859649123
651,Kung-Fu Master,1.8172413793103448
652,Total War: Warhammer 2,1.8162500000000001
653,Hyrule Warriors: Age of Calamity,1.8162037037037035
654,If Found,1.816025641025641
,Shin Megami Tensei: Persona 4,1.8149253731343284
655,Need For Speed Underground,1.8135135135135136
656,Alien Hominid,1.8121951219512196
657,Immortals Fenyx Rising,1.8121739130434782
658,WCW/nWo Revenge,1.811904761904762
659,Second Life,1.811764705882353
660,Touhou Project,1.8114942528735634
661,Twisted Metal,1.8114942528735634
662,Mario Party,1.8111111111111111
663,Lego Star Wars: The Video Game,1.810989010989011
664,Resident Evil 3 (2020),1.810989010989011
665,Rime,1.8108187134502924
666,Seaman,1.8106382978723405
667,Enter the Matrix,1.8105263157894738
668,Burger King's Sneak King,1.8103092783505155
669,OXO,1.8101010101010102
670,Phoenix,1.81
671,Paper Mario: The Origami King,1.808030303030303
672,Little Nightmares,1.8072751322751324
673,Genshin Impact,1.8069841269841271
674,Destiny 2: Beyond Light,1.8062030075187971
675,Last Day of June,1.8056618819776715
676,Observer,1.8051150895140666
677,No Man's Sky,1.8041684759009988
678,Grand Theft Auto II,1.7112359550561798
679,Call of Duty: Black Ops,1.7086206896551723
680,Path of Exile,1.7067567567567568
681,Thief: Dark Project,1.7064935064935065
682,Everquest,1.7054945054945054
683,Amnesia: The Dark Descent,1.7052083333333332
684,Centipede,1.7051546391752577
685,Jak & Daxter: The Precursor Legacy,1.7048543689320388
686,Shadowrun,1.7048076923076922
687,Hot Shots Golf Fore!,1.7047846889952152
688,Rainbow Six Seige,1.7047619047619047
689,Plants vs Zombies,1.704566210045662
690,Shadow of War,1.7044444444444444
691,Dead Rising 2,1.7043478260869565
692,Darkest Dungeon,1.7043103448275863
693,Mortal Kombat X,1.7041666666666666
694,Phoenix Wright: Ace Attorney - Trials and Tribulations,1.7039370078740157
695,Shin Megami Tensei: Persona 3,1.70390625
696,Rainbow Six Vegas,1.703875968992248
697,Axiom Verge,1.7037878787878789
698,Star Wars: Battlefront (2004),1.7036630036630036
699,Need for Speed: Hot Pursuit,1.703623188405797
700,Darksiders,1.7035971223021582
701,NCAA Football 11,1.7035842293906809
702,The Room,1.7035335689045936
703,Shadowrun Returns,1.7034965034965035
704,Splinter Cell: Blacklist,1.7034843205574912
705,Heroes of the Storm,1.7034246575342464
706,Ace Combat 5: The Unsung War,1.7033557046979866
707,Danganronpa: Trigger Happy Havoc,1.6833333333333333
708,The Dig,1.676923076923077
709,Splinter Cell: Double Agent,1.6714285714285715
710,Deus Ex: Invisible War,1.6625
711,World in Conflict,1.6555555555555557
712,Alpha Protocol,1.6500000000000001
713,Prison Architect,1.6454545454545455
714,Rogue,1.6434782608695653
715,Dwarf Fortress,1.6416666666666668
716,Full Throttle,1.6416666666666668
717,Roller Coaster Tycoon 3,1.6333333333333335
718,Quest For Glory: So You Want to Be A Hero,1.6212765957446809
719,Football Manager,1.619607843137255
720,Trials Fusion,1.6192307692307693
721,Far Cry 4,1.6181818181818182
,FTL: Advanced Edition,1.615873015873016
722,Puyo Puyo,1.615625
723,Transistor,1.6153846153846154
724,Batman: Arkham Knight,1.6151515151515152
725,Habitat,1.6131578947368421
726,M.U.L.E.,1.612987012987013
727,Tearaway,1.6125
728,Puzzle & Dragons,1.6123456790123458
729,Elite: Dangerous,1.6114942528735634
730,Nethack,1.6114942528735634
731,Resogun,1.6108695652173914
732,Hyper Light Drifter,1.6105263157894738
733,Manic Miner,1.6103092783505155
734,The Sentinel,1.6101010101010103
735,Super Hexagon,1.61
736,Railroad Tycoon,1.6089285714285715
737,Herzog Zwei,1.6087719298245615
738,Device 6,1.6083333333333334
739,Frog Fractions,1.6082644628099174
740,Vampire The Masquerade - Redemption,1.6075757575757577
741,Kirby: Canvas Curse,1.6075187969924813
742,Kirby's Adventure,1.6073529411764707
743,No One Lives Forever,1.6070422535211268
,Pac-Man: Championship Edition DX,1.6064935064935066
744,80 Days,1.6064102564102565
745,Brothers: A Tale of Two Sons,1.6063694267515924
746,Crusader Kings 2,1.6062500000000002
747,DEFCON,1.6062111801242236
748,FS1 Flight Simulator,1.6060975609756099
749,Giants: Citizen Kabuto,1.6060240963855423
750,Homeworld 2,1.6059880239520958
751,Red Faction: Guerilla,1.6058479532163743
752,Superhot VR,1.6057142857142859
753,Ultima Underworld: The Stygian Abyss,1.6055555555555556
754,City of Heroes,1.6054054054054054
755,P.T.,1.6053191489361702
756,Star Wars: X-Wing vs. TIE Fighter,1.6051813471502592
757,30 Flights of Loving,1.605
758,Bushido Blade 2,1.604950495049505
759,Mini Metro,1.604739336492891
760,Star Raiders,1.6047169811320756
761,Street Fighter Alpha 3,1.6046948356807513
762,Super Mario 3D Land,1.6046728971962618
763,Tony Hawk's Underground,1.6046511627906979
764,Zero Escape: Virtue's Last Reward,1.6046082949308758
765,Virtua Racing,1.6044444444444446
766,Impossible Mission,1.6042553191489362
767,Monster Hunter Generations,1.6042372881355933
768,Shante and the Pirate's Curse,1.604201680672269
769,Wing Commander,1.60418410041841
770,Castlevania III: Dracula's Curse,1.6040160642570283
771,Maniac Mansion,1.603968253968254
772,Star Control,1.6039525691699605
773,King's Quest,1.6039370078740158
774,The Hitchhiker's Guide to the Galaxy,1.603921568627451
775,Persona 3,1.603846153846154
776,Demon Attach,1.6037735849056605
777,Event[0],1.6037593984962406
778,MVP Baseball 2005,1.6037037037037039
779,Shadow Hearts: Covenant,1.6036630036630037
780,Snake,1.6036496350364964
781,Wasteland,1.6035971223021583
782,Kirby's Dreamland,1.6035087719298247
783,God Hand,1.6034364261168386
784,NBA 2K12,1.6034246575342466
785,Proteus,1.6034129692832766
786,Microsoft Flight Simulator,1.6033333333333335
787,Split/Second,1.603257328990228
788,Flower,1.6032362459546927
789,Towerfall Acension,1.603225806451613
790,Paradroid,1.6031847133757964
791,Descent,1.6031446540880505
792,Stubbs the Zombie in Rebel Without a Pulse,1.6031347962382445
793,Empire: Total War,1.6031152647975078
794,Gran Trak 10,1.6030959752321983
795,Gunpoint,1.6030864197530865
796,Lunar Lander,1.603076923076923
797,Marvel vs. Capcom: Clash of Super Heroes,1.6030674846625768
798,Miner 2049er,1.6030581039755352
799,Populous,1.602994011976048
800,Quadrilateral Cowboy,1.6029761904761906
801,Threes,1.6029673590504452
802,Dungeons and Dragons: Pool of Radiance,1.6029325513196482
803,RollerCoaster Tycoon,1.602915451895044
804,Fruit Ninja,1.6029069767441861
805,Bastion,1.6028985507246378
806,"I Have No Mouth, And I Must Scream",1.602857142857143
807,Panzer Dragoon Orta,1.6028409090909093
808,Return to Castle Wolfenstein,1.6028328611898017
809,Balance of Power,1.602808988764045
810,Fantastic Contraption,1.6027855153203343
811,Joust,1.6027624309392265
812,Parappa the Rapper,1.6027322404371585
813,Beatmania,1.6026385224274406
814,Hunt the Wumps,1.6026246719160107
815,Devil's Crush,1.6026178010471206
816,Jumpman Junior,1.6025839793281655
817,Koronis Rift,1.602577319587629
818,Pillars of Eternity,1.6025641025641026
819,Stephen's Sausage Roll,1.6025510204081634
820,Syberia,1.6025445292620866
821,Uridium,1.60253807106599
822,Deus Ex Machina,1.6024691358024692
823,Metal Gear Solid: Peace Walker,1.6024630541871923
824,Legacy of Kain: Soul Reaver,1.6024449877750613
825,Power Stone,1.602439024390244
826,Kingdom Rush,1.602433090024331
827,Drop7,1.6024271844660196
828,Rhythm Heaven,1.6024213075060534
829,Metro 2033,1.6023866348448688
830,Military Madness,1.6023809523809525
831,Just Cause 2,1.6023640661938534
832,Qix,1.6023529411764708
833,Bejewelled,1.6023364485981308
834,Galaxian,1.602309468822171
835,Kim Kardashian: Hollywood,1.6023041474654378
836,Indiana Jones and the Fate of Atlantis,1.6022988505747127
837,Need for Speed: Most Wanted (2012),1.6022779043280184
838,Mario Paint,1.6022675736961451
839,Jetpack Joyride,1.602262443438914
840,Psi-Ops: The Mindgate Consipracy,1.6022573363431152
841,Wolfenstein: The New Order,1.6022522522522524
842,Sonic Colors,1.6022421524663677
843,Hitman Go,1.602227171492205
844,Professor Layton and the Unwound Future,1.6022222222222222
845,Boulder Dash,1.6021978021978023
846,Cities: Skylines,1.6021929824561405
847,Electroplankton,1.6021834061135372
848,Picross 3D,1.6021739130434784
849,River City Ransom,1.6021691973969632
850,Zelda II: The Adventure of Link,1.6021645021645023
851,Donkey Kong Jr.,1.6021598272138229
852,Depression Quest,1.6021459227467811
853,Earth Defense Force 2017,1.6021231422505309
854,Aladdin (Genesis),1.6021186440677968
855,Monument Valley,1.6021097046413504
856,"Nine Hours, Nine Persons, Nine Doors (999)",1.6020964360587002
857,QWOP,1.6020833333333335
858,Garry's Mod,1.6020790020790021
859,Space Channel 5,1.602049180327869
860,Spider-Man 2,1.6020449897750513
861,Metroid 2: Return of Samus,1.6020366598778004
862,Catherine,1.6020325203252033
863,F-Zero,1.6020202020202021
864,Ballblazer,1.602
865,Madden Football '95,1.5526315789473684
866,Microsoft Flight Simulator X,1.5434782608695652
867,Ratchet and Clank,1.5208333333333333
868,King's Quest III: To Heir Is Human,1.52
,Halo: Combat Evolved Anniversary,1.4833333333333332
869,Super Smash Bros. for Wii U,1.4208333333333332
870,Ghost Trick,1.420408163265306
871,Brother's: A Tale of Two Sons,1.4163934426229507
872,Call of Juarez,1.3185185185185186
873,You Don't Know Jack!,1.3163934426229509
874,Beyond Good & Evil,1.3151515151515152
,Street Fighter II: Championship Edition,1.3147058823529412
875,Child of Eden,1.311764705882353
876,Vampire The Masquerade: Bloodlines,1.3111111111111111
877,S.T.A.L.K.E.R.: Shadow of Chernobyl,1.310752688172043
878,Advance Wars: Dual Strike,1.3106382978723405
879,Wild Arms,1.3103092783505155
880,SoulCalibur 4,1.2588235294117647
881,Boderlands 2,1.2526315789473683
882,Driver: San Francisco,1.2434782608695651
883,Zuma,1.24
884,Bulletstorm,1.23125
885,Little Big Planet 2,1.2294117647058822
886,The Last Ninja 2,1.2285714285714284
887,Dance Central 2,1.2277777777777776
888,Strider,1.227027027027027
889,Resistance 2,1.2238095238095237
890,North and South,1.220408163265306
891,Infinity Blade II,1.211111111111111
892,NFL Blitz 2000,1.21
893,Mega Man,1.1416666666666668
894,SimCity 4,1.1333333333333335
895,Icewind Dale,1.1208333333333333
,Super Street Fighter IV,1.1178571428571429
896,Wing Commander II: V of the K,1.1140845070422536
897,Halo Reach,1.1128205128205129
898,Gears of War 3,1.1125
899,Double Dribble,1.1113636363636366
900,Burger Time,1.1105263157894738
901,Words With Friends,1.1101010101010103
902,The Witcher,1.0769230769230769
903,Cadaver,1.032258064516129
904,FIFA 98,1.0256410256410255
905,Monster Hunter Freedom 2,1.0238095238095237
906,Arx Fatalis,1.0232558139534884
907,"Gabriel Knight 3: Blood of the Sacred, Blood of the Damned",1.02
908,Championship Manager 3,1.0169491525423728
909,Bejeweled 3,1.0158730158730158
910,Riven: The Sequel to Myst,1.0158730158730158
911,Tremulous,1.0153846153846153
912,Alan Wake,1.0151515151515151
913,Sonic & Knuckles,1.0142857142857142
914,Tales of the Abyss,1.0142857142857142
915,Pokemon HeardGold and SoulSilver,1.0135135135135136
916,Machi,1.0133333333333334
917,Super Bomberman 2,1.0133333333333334
918,Little Big Adventure,1.0125
919,Double Dragon II: The Revenge,1.0116279069767442
920,Magicland Dizzy,1.0116279069767442
921,Shining Force III,1.0114942528735633
922,Planetside,1.0112359550561798
923,Madden NFL 2003,1.011111111111111
924,Cobra Triangle,1.0108695652173914
925,Trackmania,1.0105263157894737
926,Blazing Lazers,1.0103092783505154
927,The Beast Within: A Gabriel Knight Mystery,1.0103092783505154
928,Secret Command,1.010204081632653
929,Black Crypt,1.01
930,Turrican 2,1.0076923076923077
931,Dragon Warrior VII,1.0074074074074073
932,WarCraft,1.0061728395061729
933,The Lost Vikings,1.0043859649122806
934,Breath of Fire V,1.0041666666666667
935,Dragon Quest V,1.003968253968254
936,Secret of Evermore,1.003787878787879
937,GRID,1.0036231884057971
938,Lego Star Wars: The Complete Saga,1.0036231884057971
939,Spartan: Total War,1.0034722222222223
940,Virtua Figher 5,1.0034722222222223
941,Castlevania: Bloodlines,1.0033333333333334
942,Streets of Rage,1.0032051282051282
943,Project Gotham Racing 3,1.0030864197530864
944,Project Gotham Racing 4,1.0029761904761905
945,Canabalt,1.0026881720430108
946,Noby Noby Boy,1.0026041666666667
947,NHLPA 93,1.0025
948,Boom Blox,1.0020833333333334
949,FIFA 08,1.002079002079002
950,Theme Park,1.0020325203252032
951,FIFA '09,1.001984126984127
952,Guitar Hero III,1.0019723865877712
953,King's Quest: Quest for the Crown,1.001934235976789
954,Metroid Prime 2: Echoes,1.001923076923077
955,Final Fantasy V,1.0018939393939394
956,Jet Set Radio Future,1.0018939393939394
957,Madden NFL 2001,1.0018518518518518
958,MotorStorm,1.0018315018315018
959,Disgaea: Afternoon of Darkness,1.0018115942028984
960,Patapon,1.0017889087656529
961,Diddy Kong Racing,1.00177304964539
962,Fire Emblem,1.0017482517482517
,Rez HD,1.001700680272109
963,Metal Gear Solid: Twin Snakes,1.0016666666666667
964,Virtua Fighter 4,1.0016666666666667
965,Championship Manager 2,1.0016339869281046
966,Jet Set Willy,1.001602564102564
967,Mario & Sonic at the Olympic Games,1.001602564102564
968,Uncharted: Drake's Fortune,1.001572327044025
969,Chase HQ,1.0015698587127158
970,World Soccer Winning Eleven 9,1.0015698587127158
971,Silent Hill 3,1.0015408320493067
972,Defender of the Crown,1.0015082956259427
973,NCAA Football 2004,1.0014792899408285
974,Xenon 2 Megablast,1.0014792899408285
975,Grand Prix 2,1.0014367816091954
976,Tom Clancy's Ghost Recon Advanced Warfighter 2,1.0014124293785311
977,Metroid Prime 3: Corruption,1.0013986013986014
978,Earthworm Jim,1.0013440860215055
979,Ninja Gaiden II (2008),1.0013440860215055
980,LEGO Star Wars II: The Original Trilogy,1.0013262599469497
981,Football Manager 2,1.001303780964798
982,New Super Mario Bros.,1.001303780964798
983,Pro Evolution Soccer,1.0013020833333333
984,Puyo Puyo Fever,1.0013020833333333
985,Tony Hawk's Project 8,1.0013020833333333
986,FIFA,1.0012820512820513
987,ESPN NFL 2K4,1.001240694789082
988,Ratchet & Clank: Tools of Destruction,1.0012210012210012
989,Underwurlde,1.0012019230769231
990,The Legend of Zelda: Oracle of Ages,1.0011655011655012
991,Skate 2,1.0011574074074074
992,Frequency,1.0011415525114156
993,Runescape,1.0011363636363637
994,Virtua Fighter 4: Evolution,1.0011337868480725
995,Freespace 2,1.0011261261261262
996,Shin Megami Tensei III: Nocturne,1.001122334455668
997,Tiger Woods PGA Tour Golf 2009,1.001111111111111
998,Jak and Daxter: The Precursor Legacy,1.001108647450111
999,Phantasy Star II,1.001098901098901
1000,Gothic,1.0010952902519168
1001,Football Manager 2008,1.0010834236186348
1002,Wing Commander IV: The Price of Freedom,1.001082251082251
1003,Disgaea: Hour of Darkness,1.001068376068376
1004,Metal Slug,1.001068376068376
1005,X-COM: Enemy Unknown,1.001068376068376
1006,Aliens vs. Predator 2,1.001054852320675
1007,Henry Hatsworth in the Puzzling Adventure,1.001054852320675
1008,Head Over Heels,1.0010537407797682
1009,WWE Smackdown vs. Raw 2006,1.0010537407797682
1010,Jimmy White's Whirlwind Snooker,1.0010416666666666
1011,Championship Manager 01/02,1.001039501039501
1012,Kick Off 2,1.001039501039501
1013,James Pond 2: Codename Robocod,1.0010288065843622
1014,Tales of Symphonia,1.001025641025641
1015,Black and White,1.0010162601626016
1016,Wing Commander: Privateer,1.001010101010101
1017,Gothic 2,1.000999000999001
1018,The Legend of Zelda: The Minish Cap,1.000999000999001
1019,Super Contra,1.0009920634920635
1020,Project Gotham Racing 2,1.0009861932938855
1021,Spy vs. Spy,1.0009861932938855
1022,Dungeon Keeper 2,1.0009803921568627
1023,Golden Sun,1.0009737098344693
1024,Virtua Cop,1.0009737098344693
1025,Alex Kidd in Miracle World,1.0009578544061302
1026,Fantasy World Dizzy,1.0009469696969697
1027,Gran Turismo 5 Prologue,1.0009380863039399
1028,Skate,1.0009267840593141
1029,Golden Axe,1.000925925925926
1030,Metroid: Zero Mission,1.000915750915751
1031,Animal Crossing: City Folk,1.0009057971014492
1032,Medal of Honor: Allied Assault,1.0009057971014492
1033,Wipeout 2097,1.0009057971014492
1034,Micro Machines,1.0009049773755656
1035,Turbo Outrun,1.0008960573476702
,Ninja Gaiden Black,1.0008928571428573
1036,Space Giraffe,1.000886524822695
1037,Zool,1.000886524822695
1038,Forza Motorsport,1.0008841732979663
1039,Brian Lara International Cricket 2005,1.000877192982456
1040,Football Manager 2009,1.000877192982456
1041,Castlevania: Dawn of Sorrow,1.0008741258741258
1042,Rainbow Islands,1.0008741258741258
1043,Worms 2,1.0008503401360545
1044,R4: Ridge Racer Type 4,1.0008333333333332
1045,Guild Wars,1.0008271298593878
1046,PGA Tour Golf,1.0008271298593878
1047,Red Baron 3D,1.0008183306055647
1048,Pikmin 2,1.0008012820512822
1049,Street Fighter,1.0008012820512822
1050,Treasure of Usas,1.0008012820512822
1051,Pilot Wings,1.000784929356358
1052,Mercenary,1.0007770007770007
1053,Wipeout 3,1.000776397515528
1054,Ghouls'n Ghosts,1.0007462686567163
1055,Wave Race 64 ,1.0007440476190477
1056,Rayman 2: The Great Escape,1.0007215007215007
1057,Pilotwings,1.0006361323155217
1058,Pro Wrestling,1.000632911392405
1059,Final Fight,1.0006172839506173
1060,Suikoden,1.0006097560975609
1061,Madden NFL '99,1.0006082725060828
1062,RC Pro Am,1.000595238095238
1063,NFL 2K1,1.0005882352941176
1064,Road Rash,1.0005681818181817
1065,Xenosaga Episode I: Der Wile zur Macht,1.000548245614035
1066,Cool Boarders 2,1.0005434782608695
1067,Crackdown,1.000537634408602
1068,Phantasy Star,1.000531914893617
1069,NBA 2K1,1.0005263157894737
1070,House of the Dead 2,1.0005050505050506
1071,King's Quest VI,1.0005020080321285
1072,Ape Escape,1.0005
,NFL 2K5,1.0004553734061932
1073,ArmA III,1
1074,Attentat 1942,1
1075,Control,1
1076,Czechoslovakia 1938-89: The Assassination,1
1077,Doko Demo Issyo,1
1078,Doom 3,1
1079,Final Fantasy XI,1
1080,JoJo's Bizarre Adventure: All Star Battle,1
1081,Lums: The Game of Light and Shadows,1
1082,Mafia II,1
1083,MediEvil 2,1
1084,Monster Hunter,1
1085,Monster Hunter Portable 2nd,1
1086,Monster Hunter Portable 3rd,1
1087,Monster Hunter Tri G,1
1088,New Super Mario Bros. Wii,1
1089,Pokemon Stadium,1
1090,Pokemon Sun and Moon,1
1091,Pokemon Sword and Shield,1
1092,Rememoried,1
1093,SMS Chess,1
1094,Sakura Wars,1
1095,Serious Sam: The First Encounter,1
1096,Shadow of Mordor,1
1097,Taiko no Tatsujin,1
1098,Tom Clancy's Ghost Recon Advanced Warfighter,1
1099,Untitled Goose Game,1
1100,Fire Emblem: Three Houses,0.9333333333333333
,Shadow of the Colossus (Remaster),0.9333333333333333
,Persona 5 Royal,0.925
1101,Super Mario Maker 2,0.925
1102,Apex Legends,0.92
,Dark Souls (Remastered),0.92
1103,Jackbox Party Pack 7,0.92
1104,Lone Echo/Echo Arena,0.92
1105,Florence,0.9166666666666667
1106,Mortal Kombat 11,0.9166666666666667
1107,The Witcher 3: Blood & Wine,0.9166666666666667
1108,Marvel's Spider-Man,0.9142857142857143
1109,Metro Exodus,0.9142857142857143
1110,Nex Machina,0.9125
1111,Total War: Three Kingdoms,0.9125
1112,Assassin's Creed Odyssey,0.9111111111111111
1113,Microsoft's Flight Simulator (2020),0.9111111111111111
1114,Sid Meier's Civilization VI,0.9111111111111111
1115,Trials Rising,0.9111111111111111
1116,Cadence of Hyrule,0.91
1117,Destiny 2: Forsaken,0.91
1118,Butterfly Soup,0.9090909090909091
1119,Carrion,0.9090909090909091
1120,Heat Signature,0.9090909090909091
1121,Vader Immortal,0.9090909090909091
1122,Kingdom Hearts III,0.9083333333333333
1123,Oxenfree,0.9083333333333333
1124,Fidel,0.9076923076923077
1125,The Division 2,0.9076923076923077
1126,A Plague Tale: Innocense,0.9071428571428571
1127,Final Fantasy XV,0.9071428571428571
1128,Injustice 2,0.9071428571428571
1129,Astral Chain,0.9066666666666667
1130,Death Stranding,0.9066666666666667
1131,Torment: Tides of Numenera,0.9066666666666667
1132,Life Is Strange: Before the Storm,0.90625
1133,West of Loathing,0.90625
1134,Battlefield 1,0.9058823529411765
1135,Fuser,0.9058823529411765
1136,Lone Echo,0.9055555555555556
,Planescape Torment Enhanced Edition,0.9055555555555556
1137,The Longing,0.9055555555555556
1138,Danganronpa V3: Killing Harmony,0.9052631578947369
1139,Forza Horizon 4,0.9052631578947369
1140,Gravity Rush 2,0.9052631578947369
1141,Statik: Institute of Retention,0.9052631578947369
,The Elder Scrolls V: Skyrim - Special Edition,0.9052631578947369
1142,Fire Emblem: Heroes,0.905
1143,The Jackbox Party Pack 7,0.905
1144,Total War: Warhammer,0.905
1145,Wipeout: Omega Collection,0.905
,Day of the Tentacle (Remastered),0.9047619047619048
1146,Gran Turismo Sport,0.9047619047619048
1147,The Evil Within 2,0.9047619047619048
1148,Tacoma,0.9045454545454545
1149,Deus Ex: Mankind Divided,0.9043478260869565
1150,Puyo Puyo Tetris,0.9041666666666667
,The Legend of Zelda: Twilight Princess HD,0.9041666666666667
1151,Banner Saga 2,0.904
1152,Blackwood Crossing,0.904
1153,For Honor,0.904
1154,Emily Is Away TOO,0.9038461538461539
1155,Mass Effect: Andromeda,0.9038461538461539
1156,Gears 5,0.9037037037037037
1157,Dirt 4,0.9035714285714286
1158,Nioh 2,0.9035714285714286
1159,Murder By Numbers,0.903448275862069
1160,Sundered,0.903448275862069
1161,Wasteland 3,0.903448275862069
1162,FIFA 18,0.9033333333333333
1163,Metroid: Samus Returns,0.9033333333333333
1164,YS 8,0.9032258064516129
1165,Borderlands 3,0.9031250000000001
1166,Rakuen,0.9031250000000001
1167,The Solitaire Conspiracy,0.9031250000000001
1168,Another Lost Phone,0.9029411764705882
1169,Dirt 5,0.9028571428571429
1170,Getting Over It,0.9027777777777778
1171,Paradise Killer,0.9027777777777778
1172,Desperados 3,0.9027027027027027
1173,Universal Paperclips,0.9027027027027027
1174,Arknights,0.9026315789473685
1175,Call of Duty: World War II,0.9026315789473685
1176,Lawbreakers,0.9025641025641026
1177,Please Knock on My Door,0.9025641025641026
1178,Sniper Elite 4,0.9025
1179,"Wide Ocean, Big Jacket",0.9025
1180,Hidden Folks,0.9024390243902439
1181,In Other Waters,0.9024390243902439
1182,Gears Tactics,0.9023809523809524
1183,Star Trek: Bridge Crew,0.9023809523809524
1184,Pro Evolution Soccer 2018,0.9023255813953489
1185,Creaks,0.9022727272727273
1186,Polybius,0.9022727272727273
1187,Mario Kart Live: Home Circuit,0.9022222222222223
1188,The Sexy Brutale,0.9022222222222223
1189,Super Mega Baseball 3,0.9021739130434783
1190,Helltaker,0.9020833333333333
1191,Lair of the Clockwork God,0.9020833333333333
1192,Snipperclips,0.9020833333333333
1193,Stories Untold,0.9020833333333333
1194,Madden NFL 18,0.9020408163265307
1195,A Mortician's Tale,0.902
1196,Bugsnax,0.902
1197,Golf Story,0.902
1198,World of Warcraft: Shadowlands,0.902
